name,rental_amount,rental_quantity,"dense_rank() over (order by AVG(pay.amount) desc)"
Music,3417.72,830,10
Travel,3549.64,837,8
Horror,3722.54,846,5
Classics,3639.59,939,14
New,4351.62,940,2
Comedy,4383.58,941,1
Children,3655.55,945,15
Games,4281.33,969,4
Foreign,4270.67,1033,9
Documentary,4217.52,1050,11
Drama,4587.39,1060,6
Family,4226.07,1096,16
Sci-Fi,4756.98,1101,7
Action,4375.85,1112,13
Animation,4656.30,1166,12
Sports,5314.21,1179,3
